sample_id,problem_id,Full Problem,CSP,Full Answer,Variables,Equations,depth,Pred Values,Heldout Value,Rewritten Problem,Possible Questions,Given_Conditions,k,diff_score,goal_var,leaf_nodes_all,relevant_leaf,ancestors_goal,dist_max,dist_mean
0d396b9bb64f_k2_0,0d396b9bb64f,"A = 15
B = 200
F = 0.45
P = B + (F * B)
T = B + P
What is T?","Variables:
A = 15 [Number of apples George has]
B = 200 [Number of bananas George has]
F = 0.45 [Percentage more pears than bananas]
P [Number of pears George has]
T [Total number of fruits George has, excluding apples]

Equations:
P = B + (F * B) [Number of pears George has is 45% more than the number of bananas.]
T = B + P [Total number of fruits George has, excluding apples, is the sum of the number of bananas and pears.]

Goal:
T [What is the total number of fruits George has, excluding apples?]",490,"{""B"": ""Number of bananas George has"", ""P"": ""Number of pears George has"", ""A"": ""Number of apples George has"", ""T"": ""Total number of fruits George has, excluding apples"", ""F"": ""Percentage more pears than bananas""}","{""P = B + (F * B)"": ""Number of pears George has is 45% more than the number of bananas."", ""T = B + P"": ""Total number of fruits George has, excluding apples, is the sum of the number of bananas and pears.""}",2,"B = 200
A = 15
F = 0.45
P = 290.0
T = 490.0","[""B"", ""F""]","Variables:
A
B
F
P
T

Equations:
P = B + (F * B)
T = B + P

Goal:
T","[""A"", ""B"", ""F""]",[],2,2.0,T,"[""A"", ""B"", ""F""]","[""B"", ""F""]","[""B"", ""F"", ""P"", ""T""]",2,1.5
b392ad6a95af_k3_0,b392ad6a95af,"A = 7
B = 4
C = 3
E = 12
D = A * C
F = A + D + E
What is F?","Variables:
A = 7 [Number of adopted kittens]
B = 4 [Number of adopted pupppies]
C = 3 [Number of times of adopted kittens]
D [Number of kittens Patchy had]
E = 12 [Number of kittens Trixie had]
F [Total number of kittens]

Equations:
D = A * C [Number of kittens Patchy had is the product of the number of adopted kittens and the number of times of adopted kittens]
F = A + D + E [Total number of kittens is the sum of the number of adopted kittens, number of kittens Patchy had  and the number of kittens Trixie had]

Goal:
F [How many kittens does the Doubtfire family now have?]",40,"{""A"": ""Number of adopted kittens"", ""B"": ""Number of adopted pupppies"", ""C"": ""Number of times of adopted kittens"", ""D"": ""Number of kittens Patchy had"", ""E"": ""Number of kittens Trixie had"", ""F"": ""Total number of kittens""}","{""D = A * C"": ""Number of kittens Patchy had is the product of the number of adopted kittens and the number of times of adopted kittens"", ""F = A + D + E"": ""Total number of kittens is the sum of the number of adopted kittens, number of kittens Patchy had  and the number of kittens Trixie had""}",2,"A = 7
B = 4
C = 3
E = 12
D = 21
F = 40","[""A"", ""C"", ""E""]","Variables:
A
B
C
D
E
F

Equations:
D = A * C
F = A + D + E

Goal:
F","[""A"", ""B"", ""C"", ""E""]",[],3,2.0,F,"[""A"", ""B"", ""C"", ""E""]","[""A"", ""C"", ""E""]","[""A"", ""C"", ""D"", ""E"", ""F""]",2,1.3333333333333333
4c12324cad46_k3_0,4c12324cad46,"C1 = 1
F = 2
G1 = 4
L1 = 6
X1 = 3
X2 = 5
C = C1 * G1
E = F * L1
L = L1 * C
T = L + E
What is T?","Variables:
C [Total number of cups of lemon juice needed]
C1 = 1 [Number of cups of lemon juice per gallon]
E [Number of lemons needed for the extra gallon]
F = 2 [Tartness factor for the extra gallon]
G1 = 4 [Number of gallons of lemonade]
L [Total number of lemons needed for the regular gallons]
L1 = 6 [Number of lemons needed for 1 cup of lemon juice]
T [Total number of lemons needed for all gallons]
X1 = 3 [Number of bags of ice brought by Allen]
X2 = 5 [Weight of each bag of ice]

Equations:
C = C1 * G1 [The total number of cups of lemon juice needed is the product of the number of cups per gallon and the number of gallons.]
E = F * L1 [The number of lemons needed for the extra gallon is the product of the tartness factor and the number of lemons needed for 1 cup.]
L = L1 * C [The total number of lemons needed for the regular gallons is the product of the number of lemons per cup and the total number of cups.]
T = L + E [The total number of lemons needed is the sum of the lemons for the regular gallons and the lemons for the extra gallon.]

Goal:
T [What is the total number of lemons Tim needs for all gallons?]",36,"{""C1"": ""Number of cups of lemon juice per gallon"", ""G1"": ""Number of gallons of lemonade"", ""C"": ""Total number of cups of lemon juice needed"", ""L1"": ""Number of lemons needed for 1 cup of lemon juice"", ""L"": ""Total number of lemons needed for the regular gallons"", ""F"": ""Tartness factor for the extra gallon"", ""E"": ""Number of lemons needed for the extra gallon"", ""T"": ""Total number of lemons needed for all gallons"", ""X1"": ""Number of bags of ice brought by Allen"", ""X2"": ""Weight of each bag of ice""}","{""C = C1 * G1"": ""The total number of cups of lemon juice needed is the product of the number of cups per gallon and the number of gallons."", ""L = L1 * C"": ""The total number of lemons needed for the regular gallons is the product of the number of lemons per cup and the total number of cups."", ""E = F * L1"": ""The number of lemons needed for the extra gallon is the product of the tartness factor and the number of lemons needed for 1 cup."", ""T = L + E"": ""The total number of lemons needed is the sum of the lemons for the regular gallons and the lemons for the extra gallon.""}",3,"C1 = 1
G1 = 4
L1 = 6
F = 2
X1 = 3
X2 = 5
C = 4
E = 12
L = 24
T = 36","[""F"", ""G1"", ""L1""]","Variables:
C
C1 = 1
E
F
G1
L
L1
T
X1
X2

Equations:
C = C1 * G1
E = F * L1
L = L1 * C
T = L + E

Goal:
T","[""C1"", ""F"", ""G1"", ""L1"", ""X1"", ""X2""]","[""C1""]",3,3.0,T,"[""C1"", ""F"", ""G1"", ""L1"", ""X1"", ""X2""]","[""C1"", ""F"", ""G1"", ""L1""]","[""C"", ""C1"", ""E"", ""F"", ""G1"", ""L"", ""L1"", ""T""]",3,2.333333333333333
55d592c0f3dd_k2_0,55d592c0f3dd,"A = 20
B = 12
C = 4
E = 500
F = 100
D = A - (B + C)
P = (D/A) * F
What is P?","Variables:
A = 20 [The total number of cars]
B = 12 [Number of automatic cars]
C = 4 [Number of manual cars]
D [Number of semi-automatic cars]
E = 500 [Car rental in dollars]
F = 100 [Percentage]
P [The percentage of semi-automatic cars]

Equations:
D = A - (B + C) [First, add number of automatic cars and number of manual cars then subtract it from the total number of cars.]
P = (D/A) * F [First, divide number of semi-automatic cars by the total number of cars then multiply by percentage.]

Goal:
P [What percentage of the cars are semi-automatic?]",20,"{""A"": ""The total number of cars"", ""B"": ""Number of automatic cars"", ""C"": ""Number of manual cars"", ""D"": ""Number of semi-automatic cars"", ""E"": ""Car rental in dollars"", ""F"": ""Percentage"", ""P"": ""The percentage of semi-automatic cars""}","{""D = A - (B + C)"": ""First, add number of automatic cars and number of manual cars then subtract it from the total number of cars."", ""P = (D/A) * F"": ""First, divide number of semi-automatic cars by the total number of cars then multiply by percentage.""}",2,"A = 20
B = 12
C = 4
E = 500
F = 100
D = 4
P = 20.0","[""C"", ""F""]","Variables:
A = 20
B = 12
C
D
E
F
P

Equations:
D = A - (B + C)
P = (D/A) * F

Goal:
P","[""A"", ""B"", ""C"", ""E"", ""F""]","[""A"", ""B""]",2,2.0,P,"[""A"", ""B"", ""C"", ""E"", ""F""]","[""A"", ""B"", ""C"", ""F""]","[""A"", ""B"", ""C"", ""D"", ""F"", ""P""]",2,1.5
2f16efdc120a_k4_0,2f16efdc120a,"C1 = 20
F = 2
M = 1
P1 = 5
X = 5
C2 = C1 / F
P = P1 - M
T = (M * C1) + (P * C2)
What is T?","Variables:
C1 = 20 [Cost of the main phone]
C2 [Cost of each additional phone]
F = 2 [The ratio of main phone cost to additional phone cost]
M = 1 [Number of main phones in the plan]
P [Number of additional phones]
P1 = 5 [Total number of phones in the plan]
T [Total cost of the phone plan]
X = 5 [Total laptops in the other plan]

Equations:
C2 = C1 / F [The cost of each additional phone is half the cost of the main phone.]
P = P1 - M [The number of additional phones is the total number of phones minus the main phone.]
T = (M * C1) + (P * C2) [The total cost is the cost of the main phone plus the cost of the additional phones, each calculated by multiplying the number of each phones with their respective cost of one phone.]

Goal:
T [What is the total cost of the phone plan?]",60,"{""P1"": ""Total number of phones in the plan"", ""M"": ""Number of main phones in the plan"", ""P"": ""Number of additional phones"", ""C1"": ""Cost of the main phone"", ""F"": ""The ratio of main phone cost to additional phone cost"", ""C2"": ""Cost of each additional phone"", ""T"": ""Total cost of the phone plan"", ""X"": ""Total laptops in the other plan""}","{""P = P1 - M"": ""The number of additional phones is the total number of phones minus the main phone."", ""C2 = C1 / F"": ""The cost of each additional phone is half the cost of the main phone."", ""T = (M * C1) + (P * C2)"": ""The total cost is the cost of the main phone plus the cost of the additional phones, each calculated by multiplying the number of each phones with their respective cost of one phone.""}",2,"P1 = 5
M = 1
C1 = 20
F = 2
X = 5
P = 4
C2 = 10.0
T = 60.0","[""C1"", ""F"", ""M"", ""P1""]","Variables:
C1
C2
F
M
P
P1
T
X

Equations:
C2 = C1 / F
P = P1 - M
T = (M * C1) + (P * C2)

Goal:
T","[""C1"", ""F"", ""M"", ""P1"", ""X""]",[],4,2.0,T,"[""C1"", ""F"", ""M"", ""P1"", ""X""]","[""C1"", ""F"", ""M"", ""P1""]","[""C1"", ""C2"", ""F"", ""M"", ""P"", ""P1"", ""T""]",2,1.5
f85427e354bb_k1_0,f85427e354bb,"D1 = 0.2
M = 20
P = 120
U1 = 5
U2 = 5
X1 = 15
X2 = 25
D = D1 * T
O = T - D
T = P + M + U
U = U1 * U2
What is O?","Variables:
D [Amount of discount applied to the total]
D1 = 0.2 [Discount percentage (20%)]
M = 20 [Price of the mixing bowls]
O [Final order amount after applying the discount]
P = 120 [Price of the pot and pans]
T [Total cost of the items Charlotte is purchasing]
U [Total cost of the utensils]
U1 = 5 [Price of one utensil]
U2 = 5 [Number of utensils]
X1 = 15 [Price of dish towels]
X2 = 25 [Price of the cookbook]

Equations:
D = D1 * T [Discount amount is the discount percentage multiplied by the total cost before discount.]
O = T - D [Final order amount is the total cost before discount minus the discount.]
T = P + M + U [Total cost before discount is the sum of the cost of the pot and pans, mixing bowls, and utensils.]
U = U1 * U2 [Total cost of the utensils is the price of one utensil multiplied by the number of utensils.]

Goal:
O [What is the final order amount after applying the discount?]",132,"{""P"": ""Price of the pot and pans"", ""M"": ""Price of the mixing bowls"", ""U1"": ""Price of one utensil"", ""U2"": ""Number of utensils"", ""X1"": ""Price of dish towels"", ""X2"": ""Price of the cookbook"", ""T"": ""Total cost of the items Charlotte is purchasing"", ""D1"": ""Discount percentage (20%)"", ""D"": ""Amount of discount applied to the total"", ""O"": ""Final order amount after applying the discount"", ""U"": ""Total cost of the utensils""}","{""U = U1 * U2"": ""Total cost of the utensils is the price of one utensil multiplied by the number of utensils."", ""T = P + M + U"": ""Total cost before discount is the sum of the cost of the pot and pans, mixing bowls, and utensils."", ""D = D1 * T"": ""Discount amount is the discount percentage multiplied by the total cost before discount."", ""O = T - D"": ""Final order amount is the total cost before discount minus the discount.""}",3,"P = 120
M = 20
U1 = 5
U2 = 5
X1 = 15
X2 = 25
D1 = 0.2
U = 25
T = 165
D = 33.0
O = 132.0","[""D1""]","Variables:
D
D1
M = 20
O
P = 120
T
U
U1 = 5
U2 = 5
X1
X2

Equations:
D = D1 * T
O = T - D
T = P + M + U
U = U1 * U2

Goal:
O","[""D1"", ""M"", ""P"", ""U1"", ""U2"", ""X1"", ""X2""]","[""M"", ""P"", ""U1"", ""U2""]",1,2.0,O,"[""D1"", ""M"", ""P"", ""U1"", ""U2"", ""X1"", ""X2""]","[""D1"", ""M"", ""P"", ""U1"", ""U2""]","[""D"", ""D1"", ""M"", ""O"", ""P"", ""T"", ""U"", ""U1"", ""U2""]",2,2.0
bcc90a99214c_k1_0,bcc90a99214c,"B = 42
P = 7
S = 3
T = 7
C = T + P
N = B/C
What is N?","Variables:
B = 42 [Total budget in dollars]
C [Total cost per movie visit]
N [Number of times Peter can go to the movies]
P = 7 [Cost of popcorn in dollars]
S = 3 [Cost of soda in dollars]
T = 7 [Cost of a movie ticket in dollars]

Equations:
C = T + P [Total cost per movie visit is the sum of the cost of the ticket and the popcorn.]
N = B/C [Number of times Peter can go to the movies is the total budget divided by the total cost per visit.]

Goal:
N [Number of times Peter can go to the movies]",3,"{""T"": ""Cost of a movie ticket in dollars"", ""P"": ""Cost of popcorn in dollars"", ""S"": ""Cost of soda in dollars"", ""B"": ""Total budget in dollars"", ""C"": ""Total cost per movie visit"", ""N"": ""Number of times Peter can go to the movies""}","{""C = T + P"": ""Total cost per movie visit is the sum of the cost of the ticket and the popcorn."", ""N = B/C"": ""Number of times Peter can go to the movies is the total budget divided by the total cost per visit.""}",2,"T = 7
P = 7
S = 3
B = 42
C = 14
N = 3.0","[""B""]","Variables:
B
C
N
P = 7
S
T = 7

Equations:
C = T + P
N = B/C

Goal:
N","[""B"", ""P"", ""S"", ""T""]","[""P"", ""T""]",1,1.0,N,"[""B"", ""P"", ""S"", ""T""]","[""B"", ""P"", ""T""]","[""B"", ""C"", ""N"", ""P"", ""T""]",1,1.0
7c9c3273330d_k4_0,7c9c3273330d,"A = 7
B = 11
C = 162
F = 10
H = 10
I = 11
D = (A / (A + B)) * C
E = C - D
G = E + F
What is G?","Variables:
A = 7 [Age ratio of Darrell]
B = 11 [Age ratio of Allen]
C = 162 [Total age of Darrell and Allen now]
D [Current age of Darrell]
E [Current age of Allen]
F = 10 [Number of years from now]
G [Allen's age 10 years from now]
H = 10 [Height ratio of Darrell]
I = 11 [Height ratio of Allen]

Equations:
D = (A / (A + B)) * C [Current age of Darrell is the age ratio of Darrell divided by the sum of the age ratios of Darrell and Allen, multiplied by their total age now.]
E = C - D [Current age of Allen is the total age of Darrell and Allen now minus Darrell's current age.]
G = E + F [Allen's age 10 years from now is his current age plus the number of years from now.]

Goal:
G [Calculate Allen's age 10 years from now.]",109,"{""A"": ""Age ratio of Darrell"", ""B"": ""Age ratio of Allen"", ""C"": ""Total age of Darrell and Allen now"", ""D"": ""Current age of Darrell"", ""E"": ""Current age of Allen"", ""F"": ""Number of years from now"", ""G"": ""Allen's age 10 years from now"", ""H"": ""Height ratio of Darrell"", ""I"": ""Height ratio of Allen""}","{""D = (A / (A + B)) * C"": ""Current age of Darrell is the age ratio of Darrell divided by the sum of the age ratios of Darrell and Allen, multiplied by their total age now."", ""E = C - D"": ""Current age of Allen is the total age of Darrell and Allen now minus Darrell's current age."", ""G = E + F"": ""Allen's age 10 years from now is his current age plus the number of years from now.""}",3,"A = 7
B = 11
C = 162
F = 10
H = 10
I = 11
D = 63.0
E = 99.0
G = 109.0","[""A"", ""B"", ""C"", ""F""]","Variables:
A
B
C
D
E
F
G
H
I

Equations:
D = (A / (A + B)) * C
E = C - D
G = E + F

Goal:
G","[""A"", ""B"", ""C"", ""F"", ""H"", ""I""]",[],4,3.0,G,"[""A"", ""B"", ""C"", ""F"", ""H"", ""I""]","[""A"", ""B"", ""C"", ""F""]","[""A"", ""B"", ""C"", ""D"", ""E"", ""F"", ""G""]",3,2.25
